[
    {
        "heading": "The Governance of Physical Artificial Intelligence",
        "description": "Physical artificial intelligence can prove to be one of the most important\nchallenges of the artificial intelligence. The governance of physical\nartificial intelligence would define its responsible intelligent application in\nthe society.",
        "url": "http://arxiv.org/abs/2304.02924v1"
    },
    {
        "heading": "Three IQs of AI Systems and their Testing Methods",
        "description": "The rapid development of artificial intelligence has brought the artificial\nintelligence threat theory as well as the problem about how to evaluate the\nintelligence level of intelligent products. Both need to find a quantitative\nmethod to evaluate the intelligence level of intelligence systems, including\nhuman intelligence. Based on the standard intelligence system and the extended\nVon Neumann architecture, this paper proposes General IQ, Service IQ and Value\nIQ evaluation methods for intelligence systems, depending on different\nevaluation purposes. Among them, the General IQ of intelligence systems is to\nanswer the question of whether the artificial intelligence can surpass the\nhuman intelligence, which is reflected in putting the intelligence systems on\nan equal status and conducting the unified evaluation. The Service IQ and Value\nIQ of intelligence systems are used to answer the question of how the\nintelligent products can better serve the human, reflecting the intelligence\nand required cost of each intelligence system as a product in the process of\nserving human.",
        "url": "http://arxiv.org/abs/1712.06440v1"
    },
    {
        "heading": "Measuring the intelligence of an idealized mechanical knowing agent",
        "description": "We define a notion of the intelligence level of an idealized mechanical\nknowing agent. This is motivated by efforts within artificial intelligence\nresearch to define real-number intelligence levels of complicated intelligent\nsystems. Our agents are more idealized, which allows us to define a much\nsimpler measure of intelligence level for them. In short, we define the\nintelligence level of a mechanical knowing agent to be the supremum of the\ncomputable ordinals that have codes the agent knows to be codes of computable\nordinals. We prove that if one agent knows certain things about another agent,\nthen the former necessarily has a higher intelligence level than the latter.\nThis allows our intelligence notion to serve as a stepping stone to obtain\nresults which, by themselves, are not stated in terms of our intelligence\nnotion (results of potential interest even to readers totally skeptical that\nour notion correctly captures intelligence). As an application, we argue that\nthese results comprise evidence against the possibility of intelligence\nexplosion (that is, the notion that sufficiently intelligent machines will\neventually be capable of designing even more intelligent machines, which can\nthen design even more intelligent machines, and so on).",
        "url": "http://arxiv.org/abs/1912.09571v1"
    },
    {
        "heading": "How Intelligent is your Intelligent Robot?",
        "description": "How intelligent is robot A compared with robot B? And how intelligent are\nrobots A and B compared with animals (or plants) X and Y? These are both\ninteresting and deeply challenging questions. In this paper we address the\nquestion \"how intelligent is your intelligent robot?\" by proposing that\nembodied intelligence emerges from the interaction and integration of four\ndifferent and distinct kinds of intelligence. We then suggest a simple\ndiagrammatic representation on which these kinds of intelligence are shown as\nfour axes in a star diagram. A crude qualitative comparison of the intelligence\ngraphs of animals and robots both exposes and helps to explain the chronic\nintelligence deficit of intelligent robots. Finally we examine the options for\ndetermining numerical values for the four kinds of intelligence in an effort to\nmove toward a quantifiable intelligence vector.",
        "url": "http://arxiv.org/abs/1712.08878v1"
    },
    {
        "heading": "Intelligent Computing: The Latest Advances, Challenges and Future",
        "description": "Computing is a critical driving force in the development of human\ncivilization. In recent years, we have witnessed the emergence of intelligent\ncomputing, a new computing paradigm that is reshaping traditional computing and\npromoting digital revolution in the era of big data, artificial intelligence\nand internet-of-things with new computing theories, architectures, methods,\nsystems, and applications. Intelligent computing has greatly broadened the\nscope of computing, extending it from traditional computing on data to\nincreasingly diverse computing paradigms such as perceptual intelligence,\ncognitive intelligence, autonomous intelligence, and human-computer fusion\nintelligence. Intelligence and computing have undergone paths of different\nevolution and development for a long time but have become increasingly\nintertwined in recent years: intelligent computing is not only\nintelligence-oriented but also intelligence-driven. Such cross-fertilization\nhas prompted the emergence and rapid advancement of intelligent computing.\nIntelligent computing is still in its infancy and an abundance of innovations\nin the theories, systems, and applications of intelligent computing are\nexpected to occur soon. We present the first comprehensive survey of literature\non intelligent computing, covering its theory fundamentals, the technological\nfusion of intelligence and computing, important applications, challenges, and\nfuture perspectives. We believe that this survey is highly timely and will\nprovide a comprehensive reference and cast valuable insights into intelligent\ncomputing for academic and industrial researchers and practitioners.",
        "url": "http://arxiv.org/abs/2211.11281v1"
    },
    {
        "heading": "Does an artificial intelligence perform market manipulation with its own\n  discretion? -- A genetic algorithm learns in an artificial market simulation",
        "description": "Who should be charged with responsibility for an artificial intelligence\nperforming market manipulation have been discussed. In this study, I\nconstructed an artificial intelligence using a genetic algorithm that learns in\nan artificial market simulation, and investigated whether the artificial\nintelligence discovers market manipulation through learning with an artificial\nmarket simulation despite a builder of artificial intelligence has no intention\nof market manipulation. As a result, the artificial intelligence discovered\nmarket manipulation as an optimal investment strategy. This result suggests\nnecessity of regulation, such as obligating builders of artificial intelligence\nto prevent artificial intelligence from performing market manipulation.",
        "url": "http://arxiv.org/abs/2005.10488v1"
    },
    {
        "heading": "Future Trends for Human-AI Collaboration: A Comprehensive Taxonomy of\n  AI/AGI Using Multiple Intelligences and Learning Styles",
        "description": "This article discusses some trends and concepts in developing new generation\nof future Artificial General Intelligence (AGI) systems which relate to complex\nfacets and different types of human intelligence, especially social, emotional,\nattentional and ethical intelligence. We describe various aspects of multiple\nhuman intelligences and learning styles, which may impact on a variety of AI\nproblem domains. Using the concept of 'multiple intelligences' rather than a\nsingle type of intelligence, we categorize and provide working definitions of\nvarious AGI depending on their cognitive skills or capacities. Future AI\nsystems will be able not only to communicate with human users and each other,\nbut also to efficiently exchange knowledge and wisdom with abilities of\ncooperation, collaboration and even co-creating something new and valuable and\nhave meta-learning capacities. Multi-agent systems such as these can be used to\nsolve problems that would be difficult to solve by any individual intelligent\nagent.\n  Key words: Artificial General Intelligence (AGI), multiple intelligences,\nlearning styles, physical intelligence, emotional intelligence, social\nintelligence, attentional intelligence, moral-ethical intelligence, responsible\ndecision making, creative-innovative intelligence, cognitive functions,\nmeta-learning of AI systems.",
        "url": "http://arxiv.org/abs/2008.04793v4"
    },
    {
        "heading": "On the influence of intelligence in (social) intelligence testing\n  environments",
        "description": "This paper analyses the influence of including agents of different degrees of\nintelligence in a multiagent system. The goal is to better understand how we\ncan develop intelligence tests that can evaluate social intelligence. We\nanalyse several reinforcement algorithms in several contexts of cooperation and\ncompetition. Our experimental setting is inspired by the recently developed\nDarwin-Wallace distribution.",
        "url": "http://arxiv.org/abs/1202.0837v1"
    },
    {
        "heading": "Measurements of collective machine intelligence",
        "description": "Independent from the still ongoing research in measuring individual\nintelligence, we anticipate and provide a framework for measuring collective\nintelligence. Collective intelligence refers to the idea that several\nindividuals can collaborate in order to achieve high levels of intelligence. We\npresent thus some ideas on how the intelligence of a group can be measured and\nsimulate such tests. We will however focus here on groups of artificial\nintelligence agents (i.e., machines). We will explore how a group of agents is\nable to choose the appropriate problem and to specialize for a variety of\ntasks. This is a feature which is an important contributor to the increase of\nintelligence in a group (apart from the addition of more agents and the\nimprovement due to common decision making). Our results reveal some interesting\nresults about how (collective) intelligence can be modeled, about how\ncollective intelligence tests can be designed and about the underlying dynamics\nof collective intelligence. As it will be useful for our simulations, we\nprovide also some improvements of the threshold allocation model originally\nused in the area of swarm intelligence but further generalized here.",
        "url": "http://arxiv.org/abs/1306.6649v1"
    },
    {
        "heading": "What is \"Intelligent\" in Intelligent User Interfaces? A Meta-Analysis of\n  25 Years of IUI",
        "description": "This reflection paper takes the 25th IUI conference milestone as an\nopportunity to analyse in detail the understanding of intelligence in the\ncommunity: Despite the focus on intelligent UIs, it has remained elusive what\nexactly renders an interactive system or user interface \"intelligent\", also in\nthe fields of HCI and AI at large. We follow a bottom-up approach to analyse\nthe emergent meaning of intelligence in the IUI community: In particular, we\napply text analysis to extract all occurrences of \"intelligent\" in all IUI\nproceedings. We manually review these with regard to three main questions: 1)\nWhat is deemed intelligent? 2) How (else) is it characterised? and 3) What\ncapabilities are attributed to an intelligent entity? We discuss the\ncommunity's emerging implicit perspective on characteristics of intelligence in\nintelligent user interfaces and conclude with ideas for stating one's own\nunderstanding of intelligence more explicitly.",
        "url": "http://arxiv.org/abs/2003.03158v1"
    }
]