[
    {
        "heading": "Narendra Modi in Australia: a polarising leader meets a divided Indian diaspora",
        "description": "More than 20,000 supporters are expected at a public rally for the Indian PM in Sydney this week. But critics will be just as strident<ul><li>Get our morning and afternoon news emails, free app or daily news podcas</li></ul>The public events speak to Narendra\u2026",
        "url": "https://www.theguardian.com/world/2023/may/21/narendra-modi-in-australia-a-polarising-leader-meets-a-divided-indian-diaspora"
    },
    {
        "heading": "Modi's Hindu nationalist party loses India's Karnataka state ahead of national vote",
        "description": "India's main opposition Congress party wrested control of the crucial southern state from Prime Minister Narendra Modi's Hindu nationalist party, according to a near complete vote count.",
        "url": "https://www.npr.org/2023/05/13/1176006470/modis-hindu-nationalist-party-loses-indias-karnataka-state-ahead-of-national-vot"
    },
    {
        "heading": "The U.S. Just Released a Scathing Report on Religious Freedom in India",
        "description": "The State Department report comes one month before India's Narendra Modi travels to Washington for his first official state visit.",
        "url": "https://time.com/6280298/india-religious-freedom-us-state-department-report/"
    },
    {
        "heading": "Papua New Guinea minister quits over luxury Coronation trip controversy",
        "description": "Papua New Guinea's foreign minister called critics of his daughter's TikTok \"primitive animals\".",
        "url": "https://www.bbc.co.uk/news/world-asia-65579650"
    },
    {
        "heading": "Le premier ministre indien, Narendra Modi, invit\u00e9 d\u2019honneur du d\u00e9fil\u00e9 du 14-Juillet",
        "description": "Selon un communiqu\u00e9 conjoint des autorit\u00e9s fran\u00e7aises et indiennes, cette visite permettra de fixer de \u00ab\u00a0nouveaux objectifs\u00a0\u00bb dans divers domaines, sur fond de guerre en Ukraine.",
        "url": "https://www.lemonde.fr/international/article/2023/05/05/le-premier-ministre-indien-narendra-modi-invite-d-honneur-du-defile-du-14-juillet_6172197_3210.html"
    },
    {
        "heading": "Cell-selective proteomics segregates pancreatic cancer subtypes by extracellular proteins in tumors and circulation",
        "description": "\u201cIn-depth cell-selective proteomics and secretomics has remained challenging. Here, the authors devise an optimised azidonorleucine labelling, mass spectrometry method and detect over 10,000 proteins in a pancreatic ductal adenocarcinoma model.",
        "url": "https://www.nature.com/articles/s41467-023-38171-8"
    },
    {
        "heading": "Dissecting metastasis using preclinical models and methods",
        "description": "Although metastasis is the leading cause of cancer-related deaths, our understanding of the process is limited. In this Review, Hebert et al. discuss the key features of various models of metastasis, highlighting their advantages and disadvantages for further\u2026",
        "url": "https://www.nature.com/articles/s41568-023-00568-4"
    },
    {
        "heading": "Interpreting non-coding disease-associated human variants using single-cell epigenomics",
        "description": "In this Review, Gaulton et al. discuss how single-cell epigenomic methods generate cell type-, subtype- and state-resolved maps of candidate cis-regulatory elements in heterogeneous human tissues that can help to interpret the genetic basis of common traits a\u2026",
        "url": "https://www.nature.com/articles/s41576-023-00598-6"
    },
    {
        "heading": "Instagram users can finally comment on posts with GIFs",
        "description": "At long last, you can respond to posts on Instagram with GIFs. Company head Adam Mosseri announced the feature addition in his recent Instagram Channels\r\n chat with Meta CEO Mark Zuckerberg. \u201cThis is a bit of \u2018finally feature,\u2019 but we\u2019re launching GIFs in com\u2026",
        "url": "https://www.engadget.com/instagram-users-can-finally-comment-on-posts-with-gifs-202625683.html"
    },
    {
        "heading": "Meta is 'accelerating' plans to being more ads to Reels on Facebook and Instagram",
        "description": "Meta is bringing more ads\r\n to Reels on Facebook and Instagram, and changing up how creators can earn money from their content. The change comes two months after Meta \u201cpaused\u201d\r\n a bonus program that rewarded creators for hitting specific goals.Now, Meta says \u2026",
        "url": "https://www.engadget.com/meta-is-accelerating-plans-to-bring-more-ads-to-reels-on-facebook-and-instagram-150004225.html"
    },
    {
        "heading": "Instagram and Facebook Are Using Fears of a TikTok Ban to Poach Influencers",
        "description": "Meta and other social media firms chasing TikTok\u2019s short-form video success are fanning the flames of ban rhetoric while simultaneously vying to boost the attractiveness of their own TikTok clones with new monetization features. The goal? Steal away as many f\u2026",
        "url": "https://gizmodo.com/facebook-instagram-tiktok-ban-fears-influencers-switch-1850431800"
    },
    {
        "heading": "Meta Doubles Down on Threats to Block News on Facebook and Instagram in Canada",
        "description": "Facebook and Instagram could soon be news-free for our neighbors to the north. Meta has once again said it would rather scrap news links on its platforms in Canada than comply with pending legislation.Read more...",
        "url": "https://gizmodo.com/canada-news-facebook-meta-instagram-1850416499"
    },
    {
        "heading": "Instagram down for more than 98000 users - Downdetector - Reuters",
        "description": "Instagram down for more than 98000 users - Downdetector\u00a0\u00a0Reuters",
        "url": "https://consent.google.com/ml?continue=https://news.google.com/rss/articles/CBMiYGh0dHBzOi8vd3d3LnJldXRlcnMuY29tL3RlY2hub2xvZ3kvaW5zdGFncmFtLWRvd24tbW9yZS10aGFuLTk4MDAwLXVzZXJzLWRvd25kZXRlY3Rvci0yMDIzLTA1LTIxL9IBAA?oc%3D5&gl=FR&hl=en-US&cm=2&pc=n&src=1"
    },
    {
        "heading": "Google I/O 2023: Google Adds Generative AI to Search",
        "description": "Challenged by ChatGPT, the king of search launches a feature that can answer queries with text summarizing information found online.",
        "url": "https://www.wired.com/story/google-io-just-added-generative-ai-to-search/"
    },
    {
        "heading": "Five Things Scammers Are Hoping You Google",
        "description": "Humans are predictable: When we want to know something, we\u2019re probably going to google it. Companies (including digital media sites like Lifehacker) know this, and often try to \u201cgame the algorithm\u201d by producing content they know will match with common searche\u2026",
        "url": "https://lifehacker.com/five-things-scammers-are-hoping-you-google-1850405964"
    },
    {
        "heading": "Google officially reveals the Pixel Fold",
        "description": "After months of rumors and leaks, Google has confirmed the Pixel Fold's existence. It showed off the foldable in an official capacity for the first time in a video posted on Twitter and YouTube. The company was expected to reveal the Pixel Fold at Google I/O \u2026",
        "url": "https://www.engadget.com/google-officially-reveals-the-pixel-fold-174726500.html"
    },
    {
        "heading": "Google announces the Pixel Fold",
        "description": "Google has announced the Pixel Fold with some preview images and promises of more details coming at Google I/O on May 10th.",
        "url": "https://www.theverge.com/2023/5/4/23711353/google-pixel-fold-announced"
    },
    {
        "heading": "Google Meet finally supports 1080p video calls",
        "description": "Google Meet has finally added support for 1080p video calls, but it\u2019s only available for select Workspace and Google One users. The feature is available on the web-based version of Meet for now.",
        "url": "https://www.theverge.com/2023/4/26/23699733/google-meet-1080p-video-calls-hd"
    },
    {
        "heading": "Meta fixed a Facebook bug that sent automatic friend requests to users",
        "description": "Meta has patched a Facebook bug that saw the social network send automatic friend requests when users would visit any profile. In a statement the company shared with The Daily Beast\r\n on Friday, Meta apologized for the glitch. \u201cWe fixed a bug related to a rec\u2026",
        "url": "https://www.engadget.com/meta-fixed-a-facebook-bug-that-sent-automatic-friend-requests-to-users-194753983.html"
    },
    {
        "heading": "Facebook Messenger app for Apple Watch is going away after May 31st",
        "description": "Say goodbye to another high-profile Apple Watch app. As MacRumorsnotes, Meta is telling Facebook Messenger users that the Apple Watch version will be unavailable after May 31st. While you'll still get message notifications beyond that point, you won't have th\u2026",
        "url": "https://www.engadget.com/facebook-messenger-app-for-apple-watch-is-going-away-after-may-31st-180252947.html"
    },
    {
        "heading": "Facebook's new Reels controls help fine-tune what videos you see",
        "description": "Facebook has rolled out a new set of controls for Reels that give you some semblance of control on what kind of videos you want to see. When you tap the three-dot menu at the bottom of the video player, you'll now find two new options that say \"Show more\" and\u2026",
        "url": "https://www.engadget.com/facebooks-new-reels-controls-help-fine-tune-what-videos-you-see-153044089.html"
    },
    {
        "heading": "Apple Watch Users, Say Goodbye to Facebook Messenger",
        "description": "Meta\u2019s Messenger app is disappearing from the Apple Watch beginning May 31 although users will still be able to see incoming messages. The app\u2019s removal means that users will no longer be able to respond to Facebook messages on their watch and will instead ne\u2026",
        "url": "https://gizmodo.com/apple-watch-facebook-messenger-iphone-whatsapp-1850429606"
    },
    {
        "heading": "LinkedIn Leaves China for Good",
        "description": "Microsoft-owned LinkedIn is taking the final steps in its long exit from China, making it the last of the major US social networks to exit the region amid increased domestic competition and untenable geopolitical compromises. The company announced late Monday\u2026",
        "url": "https://gizmodo.com/linkedin-china-layoffs-incareer-leaves-for-good-1850419303"
    },
    {
        "heading": "Tucker Carlson breaks silence after Fox News exit",
        "description": "The former Fox News host lashed out at \"liars\" in his first message since his abrupt departure.",
        "url": "https://www.bbc.co.uk/news/world-us-canada-65408073"
    },
    {
        "heading": "Stan Grant: Aboriginal TV host's exit renews criticism of Australian media",
        "description": "High-profile Aboriginal presenter Stan Grant left Australian TV this week, citing \"relentless\" abuse.",
        "url": "https://www.bbc.co.uk/news/world-australia-63699881"
    },
    {
        "heading": "Crypto lender Celsius picks Fahrenheit's bid for bankruptcy exit - Reuters",
        "description": "Crypto lender Celsius picks Fahrenheit's bid for bankruptcy exit\u00a0\u00a0Reuters",
        "url": "https://consent.google.com/ml?continue=https://news.google.com/rss/articles/CBMibWh0dHBzOi8vd3d3LnJldXRlcnMuY29tL21hcmtldHMvZGVhbHMvY3J5cHRvLWxlbmRlci1jZWxzaXVzLXBpY2tzLWZhaHJlbmhlaXRzLWJpZC1iYW5rcnVwdGN5LWV4aXQtMjAyMy0wNS0yNS_SAQA?oc%3D5&gl=FR&hl=en-US&cm=2&pc=n&src=1"
    },
    {
        "heading": "Cineworld expects to exit Chapter 11 bankruptcy in July - Reuters",
        "description": "Cineworld expects to exit Chapter 11 bankruptcy in July\u00a0\u00a0Reuters",
        "url": "https://consent.google.com/ml?continue=https://news.google.com/rss/articles/CBMibGh0dHBzOi8vd3d3LnJldXRlcnMuY29tL2J1c2luZXNzL21lZGlhLXRlbGVjb20vY2luZXdvcmxkLWV4cGVjdHMtZXhpdC1jaGFwdGVyLTExLWJhbmtydXB0Y3ktanVseS0yMDIzLTA1LTI1L9IBAA?oc%3D5%26hl%3Den-CA%26gl%3DCA%26ceid%3DCA:en&gl=FR&hl=en-CA&cm=2&pc=n&src=1"
    },
    {
        "heading": "Self-Driving Library for Python",
        "description": "Fully autonomous vehicles seem to perennially be just a few years away, sort of like the automotive equivalent of fusion power. But just because robotic vehicles haven\u2019t made much progress \u2026read more",
        "url": "https://hackaday.com/2023/05/16/self-driving-library-for-python/"
    },
    {
        "heading": "Google's Search Labs lets you test its AI-powered 'products and ideas'",
        "description": "It's fair to say that Google was caught flat-footed by Microsoft's launch of Bing search powered by ChatGPT, as it didn't have anything similar when it unveiled its own conversational AI, Bard. Now, Google has announced Search Labs, a new way for consumers to\u2026",
        "url": "https://www.engadget.com/googles-search-labs-lets-you-test-its-ai-powered-products-and-ideas-175254478.html"
    },
    {
        "heading": "Codon Compiler For Python Is Fast - but With Some Caveats",
        "description": "For 16 years, Rik Farrow has been an editor for the long-running nonprofit Usenix. He's also been a consultant for 43 years (according to his biography at Usenix.org) \u2014 and even wrote the 1988 book Unix System Security: How to Protect Your Data and Prevent In\u2026",
        "url": "https://developers.slashdot.org/story/23/05/08/0114255/codon-compiler-for-python-is-fast---but-with-some-caveats"
    },
    {
        "heading": "Supercharge Your ChatGPT Prompts With Auto-GPT",
        "description": "The new tool basically transforms ChatGPT into a virtual assistant to help you manage projects, run a marketing campaign, and more.",
        "url": "https://www.wired.com/story/chatgpt-prompts-auto-gpt/"
    },
    {
        "heading": "Could handbags be the haute couture solution to Florida\u2019s python problem?",
        "description": "Invasive Burmese pythons are devastating wildlife but one firm believes turning snake leather into accessories could be a win-winThe fight to eradicate Burmese pythons from the Florida Everglades has intertwined with New York\u2019s haute fashion scene in a projec\u2026",
        "url": "https://www.theguardian.com/environment/2023/may/16/snakeskin-purses-florida-environment-solution-invasive-species"
    },
    {
        "heading": "Online age verification is coming, and privacy is on the chopping block",
        "description": "As lawmakers push online age verification laws that prevent underage users from accessing social media platforms and porn sites, privacy advocates are concerned about what this could mean for the future of the internet.",
        "url": "https://www.theverge.com/23721306/online-age-verification-privacy-laws-child-safety"
    },
    {
        "heading": "What lies beneath: meet the real life metal detectorists",
        "description": "Tales of rare finds, Instagram stories and, of course, that hit TV comedy means metal detecting is buzzing. Today\u2019s detectorists reveal what they love about itSet up Roman Found on Instagram Continue reading...",
        "url": "https://www.theguardian.com/uk-news/2023/may/14/meet-the-real-life-detectorists-of-the-english-countryside"
    },
    {
        "heading": "Microsoft Designer is being integrated into Edge for AI-generated social content",
        "description": "Microsoft is rolling out a bunch of new features for Microsoft Designer, its AI-powered graphic design tool, to streamline how users design social media posts.",
        "url": "https://www.theverge.com/2023/4/27/23700364/microsoft-designer-update-ai-edge-browser-social-media-tools"
    },
    {
        "heading": "How Facebook and Instagram became marketplaces for child sex trafficking",
        "description": "Our two-year investigation suggests that the tech giant Meta is struggling to prevent criminals from using its platforms to buy and sell children for sex\u2022 More from this series: Rights and freedom\u2022 Content warning \u2013 the following article contains descriptions\u2026",
        "url": "https://www.theguardian.com/news/2023/apr/27/how-facebook-and-instagram-became-marketplaces-for-child-sex-trafficking"
    },
    {
        "heading": "A research page about a new AI image tool that's basically Photoshop on steroids is so popular the website is crashing",
        "description": "Researchers from institutions including Google and MIT are presenting the demos of a tool that would let users quickly edit photos.",
        "url": "https://www.businessinsider.com/draggan-ai-tool-altering-photos-like-photoshop-steroids-research-paper-2023-5"
    },
    {
        "heading": "Bangalore beat Lucknow to record fifth IPL win",
        "description": "Royal Challengers Bangalore beat Lucknow Super Giants by 18 runs to claim their fifth win in the Indian Premier League.",
        "url": "https://www.bbc.co.uk/sport/cricket/65448943"
    },
    {
        "heading": "Sunil Gavaskar says Indian support staff crucial for IPL success",
        "description": "Sunil Gavaskar pointed to the record of IPL teams. Out of the 15 titles, 12 were won by teams that were being led by Indians, he said.",
        "url": "https://indianexpress.com/article/sports/cricket/sunil-gavaskar-says-indian-support-staff-crucial-for-ipl-success-8625844/"
    },
    {
        "heading": "Sonnet Cricket Club, where Rishabh Pant trained, to no longer operate at Venkateswara College",
        "description": "Pant appeals to college to reconsider, says the club played a major role in shaping his cricketing career",
        "url": "https://indianexpress.com/article/cities/delhi/sonnet-cricket-club-where-rishabh-pant-trained-to-no-longer-operate-at-venkateswara-college-8584754/"
    },
    {
        "heading": "Lucknow make second-highest IPL total in Punjab win",
        "description": "Lucknow Super Giants smash 257-5 - the second-highest total in IPL history - in a 56-run win against Punjab Kings in Mohali.",
        "url": "https://www.bbc.co.uk/sport/cricket/65431111"
    },
    {
        "heading": "Facebook and Instagram\u2019s news blackout in Canada starts today",
        "description": "As promised, Meta\r\n has begun blocking news content in Canada. Starting today, Facebook\r\n and Instagram\r\n users in the country will no longer be able to view or share news links or see videos and photos posted by publishers and broadcasters. The company, whic\u2026",
        "url": "https://www.engadget.com/facebook-and-instagrams-news-blackout-in-canada-starts-today-182139785.html"
    },
    {
        "heading": "Meta approved hate-filled Facebook ads that called for violence in Europe",
        "description": "Meta is again facing allegations it\u2019s not doing enough to prevent the spread of hate speech and violent content in Facebook ads. A new report details eight such ads, targeting audiences in Europe, that were approved despite containing blatant violations of th\u2026",
        "url": "https://www.engadget.com/meta-approved-hate-filled-facebook-ads-that-called-for-violence-in-europe-030015537.html"
    },
    {
        "heading": "Facebook\u2019s 2024 Election Policy May Hinge on a Cambodian Video",
        "description": "Will former Cambodian prime minister Hun Sen's Facebook account be suspended? This decision could have huge ramifications for how Meta handles upcoming elections in India and the US.",
        "url": "https://www.wired.com/story/cambodia-meta-oversight-board/"
    },
    {
        "heading": "Meta's News Block Causes Chaos as Canada Burns",
        "description": "News has been removed from Facebook and Instagram after the Canadian government told Meta to pay publishers, leaving consumers unable to access vital information during wildfires.",
        "url": "https://www.wired.com/story/meta-facebook-instagram-news-block-canada-wildfire/"
    },
    {
        "heading": "Canada wildfires: Trudeau criticises Facebook over news ban amid crisis",
        "description": "The prime minister accuses the company of putting profits over safety amid Canada's wildfire crisis.",
        "url": "https://www.bbc.co.uk/news/world-us-canada-66573512"
    },
    {
        "heading": "Why Ethiopia's Amhara militiamen are battling the army",
        "description": "Prime Minister Abiy Ahmed is at the centre of a new conflict after falling out with powerful allies.",
        "url": "https://www.bbc.co.uk/news/world-africa-66496137"
    },
    {
        "heading": "Modi wins no-trust vote over India ethnic violence",
        "description": "The vote took place after the prime minister addressed the parliament at the end of a three-day debate.",
        "url": "https://www.bbc.co.uk/news/world-asia-india-66458482"
    },
    {
        "heading": "Tunisian president names Ahmed Hachani as prime minister, replacing Bouden - Reuters",
        "description": "Tunisian president names Ahmed Hachani as prime minister, replacing Bouden\u00a0\u00a0Reuters",
        "url": "https://consent.google.com/ml?continue=https://news.google.com/rss/articles/CBMid2h0dHBzOi8vd3d3LnJldXRlcnMuY29tL3dvcmxkL2FmcmljYS90dW5pc2lhbi1wcmVzaWRlbnQtbmFtZXMtYWhtZWQtaGFjaGFuaS1wcmltZS1taW5pc3Rlci1yZXBsYWNpbmctYm91ZGVuLTIwMjMtMDgtMDIv0gEA?oc%3D5&gl=FR&hl=en-US&cm=2&pc=n&src=1"
    },
    {
        "heading": "Did India let down the maharajahs?",
        "description": "On the eve of Indian independence in 1947, India's 562 princes ruled over a third of its population.",
        "url": "https://www.bbc.co.uk/news/world-asia-india-66370541"
    },
    {
        "heading": "India says it wants to send people to the moon after becoming the first nation to land on the lunar south pole",
        "description": "India's prime minister confirmed plans to send people to the moon as the nation celebrated the historic successful landing of Chandrayaan-3 Wednesday.",
        "url": "https://www.businessinsider.com/india-plans-send-humans-to-moon-celebrates-lunar-probe-success-2023-8"
    },
    {
        "heading": "India Becomes the Fourth Country Ever to Land on the Moon",
        "description": "India\u2019s Chandrayaan-3 mission successfully landed on the Moon on Wednesday, marking a huge feat for the nation\u2019s growing space program.Read more...",
        "url": "https://gizmodo.com/chandrayaan-3-india-lands-on-moon-south-pole-1850765533"
    },
    {
        "heading": "How AI innovation can drive 10X growth in enterprises | David Shrier interview",
        "description": "Head over to our on-demand library to view sessions from VB Transform 2023. Register Here David Shrier is making a number of predictions about AI, some encouraging and some scary. And they\u2019re worth paying attention to, like one about how AI innovation will dr\u2026",
        "url": "https://venturebeat.com/ai/how-ai-innovation-can-drive-10x-growth-in-enterprises-david-shrier-interview/"
    },
    {
        "heading": "Beijing Tries to Regulate China\u2019s AI Sector Without Crushing It",
        "description": "(Bloomberg) -- Beijing is poised to implement sweeping new regulations for artificial intelligence services this week, trying to balance state control of the...",
        "url": "https://finance.yahoo.com/news/beijing-tries-regulate-china-ai-230000614.html"
    },
    {
        "heading": "The future of open source is still very much in flux",
        "description": "When Xerox donated a new laser printer to the MIT Artificial Intelligence Lab in 1980, the company couldn\u2019t have known that the machine would ignite a revolution. The printer jammed. And according to the 2002 book Free as in Freedom, Richard M. Stallman, then\u2026",
        "url": "https://www.technologyreview.com/2023/08/17/1077498/future-open-source/"
    },
    {
        "heading": "A chatbot willing to take on questions of all kinds is the latest representation of Jesus for the AI age",
        "description": "Jesus has been portrayed in many different ways: from a prophet who alerts his audience to the world's imminent end to a philosopher who reflects on the nature of life.",
        "url": "https://phys.org/news/2023-08-chatbot-kinds-latest-representation-jesus.html"
    },
    {
        "heading": "Can Lawyers Legally And Ethically Record Conversations With Clients Using Artificial Intelligence?",
        "description": "Several best practices for lawyers using AI to transcribe client communications.\nThe post Can Lawyers Legally And Ethically Record Conversations With Clients Using Artificial Intelligence? appeared first on Above the Law.",
        "url": "https://myshingle.com/2023/07/articles/artificial-intelligence/can-lawyers-legally-and-ethically-record-conversations-with-clients-using-artificial-intelligence/"
    },
    {
        "heading": "Apps Are Rushing to Add AI. Is Any of It Useful?",
        "description": "The artificial intelligence gold rush has thrust services like ChatGPT into every aspect of our digital lives. That still won\u2019t solve your email problems.",
        "url": "https://www.wired.com/story/is-in-app-ai-useful/"
    },
    {
        "heading": "Zoom now says it won\u2019t use any customer content for AI training",
        "description": "Zoom has reversed course (again) and updated its terms of service after a backlash earlier this week. Following consumer blowback to a recently highlighted update to its terms which appeared to grant the platform the unlimited ability to use customer data to \u2026",
        "url": "https://www.engadget.com/zoom-now-says-it-wont-use-any-customer-content-for-ai-training-170533411.html"
    },
    {
        "heading": "Meta settles startup's lawsuit over artificial-intelligence trade secrets - Reuters",
        "description": "Meta settles startup's lawsuit over artificial-intelligence trade secrets\u00a0\u00a0Reuters",
        "url": "https://consent.google.com/ml?continue=https://news.google.com/rss/articles/CBMigAFodHRwczovL3d3dy5yZXV0ZXJzLmNvbS9sZWdhbC90cmFuc2FjdGlvbmFsL21ldGEtc2V0dGxlcy1zdGFydHVwcy1sYXdzdWl0LW92ZXItYXJ0aWZpY2lhbC1pbnRlbGxpZ2VuY2UtdHJhZGUtc2VjcmV0cy0yMDIzLTA4LTA5L9IBAA?oc%3D5&gl=FR&hl=en-US&cm=2&pc=n&src=1"
    },
    {
        "heading": "Is AI a threat to the world of fabric design?",
        "description": "You can now ask an artificial intelligence system to design you a fabric pattern and get it printed.",
        "url": "https://www.bbc.co.uk/news/business-66437928"
    },
    {
        "heading": "Artificial Intelligence in Legal Practice: A Comprehensive Guide",
        "description": "In recent years, artificial intelligence (AI) has gained tremendous traction in the legal sector as firms worldwide have come to [\u2026]\nThe post Artificial Intelligence in Legal Practice: A Comprehensive Guide appeared first on ReadWrite.",
        "url": "https://readwrite.com/artificial-intelligence-in-legal-practice-a-comprehensive-guide/"
    },
    {
        "heading": "India's lunar rover comes down a ramp to the moon's surface and takes a walk",
        "description": "A lunar rover slid down a ramp from the lander of India's spacecraft within hours of its historic touch-down near the moon\u2019s south pole, Indian space...",
        "url": "https://news.yahoo.com/indias-lunar-rover-comes-down-150001365.html"
    },
    {
        "heading": "Lado oculto da Lua \u00e9 revelado em fotos da sonda indiana Chandrayan-3",
        "description": "A espa\u00e7onave da miss\u00e3o Chandrayaan-3 realizou uma manobra de redu\u00e7\u00e3o de \u00f3rbita, colocando-a mais pr\u00f3xima do seu pouso na Lua\nO post Lado oculto da Lua \u00e9 revelado em fotos da sonda indiana Chandrayan-3 apareceu primeiro em Olhar Digital.",
        "url": "https://olhardigital.com.br/2023/08/21/ciencia-e-espaco/lado-oculto-da-lua-e-revelado-em-fotos-da-sonda-indiana-chandrayan-3/"
    },
    {
        "heading": "Le prime immagini della missione indiana Chandrayan-3: il rover Pragyan esce dalle rampe e fotografa il suolo lunare",
        "description": "Il veicolo ha iniziato la sua missione al polo sud lunare",
        "url": "https://video.corriere.it/esteri/prime-immagini-missione-indiana-chandrayan-3-rover-pragyan-esce-rampe-fotografa-suolo-lunare/5f9e217e-4316-11ee-8a33-1d59c27d90e8"
    },
    {
        "heading": "Chandrayan-3 : suivez en direct le premier atterrissage sur la Lune de l'histoire de l'Inde",
        "description": "C\u2019est pour aujourd\u2019hui ! \u00c0\u00a014 h 04 heure de Paris, l\u2019Inde tentera de se poser sur la Lune, pr\u00e8s de quatre ans apr\u00e8s Chandrayaan-2, dont le pos\u00e9 s'est sold\u00e9 par un \u00e9chec. Cette fois-ci, les perspectives sont plus optimistes. Suivez l\u2019alunissage avec Futura\u00a0!",
        "url": "https://www.futura-sciences.com/sciences/actualites/exploration-lunaire-chandrayan-3-suivez-direct-premier-atterrissage-lune-histoire-inde-106966/"
    },
    {
        "heading": "UPSC Key\u201423 August, 2023: India\u2019s ageing workforce, Global South and Incremental cash reserve ratio",
        "description": "Exclusive for Subscribers from Monday to Friday: Have you ever thought about how liquidity in the banking system or Madras day are relevant to the UPSC Exam? What significance do topics like Centre for Monitoring Indian Economy, Labour Force Participation Rat\u2026",
        "url": "https://indianexpress.com/article/upsc-current-affairs/upsc-key-23-august-2023-indias-ageing-workforce-global-south-and-incremental-cash-reserve-ratio-8906178/"
    }
]