[
    {
        "heading": "Lure of top salaries draws 97 out of JEE Advanced Top 100 to Computer Science",
        "description": "Most of the toppers in the Joint Entrance Examination (JEE) (Advanced) are taking admission in Computer Science and related engineering courses.",
        "url": "https://timesofindia.indiatimes.com/topic/top-100-in-the-world/news/2https://timesofindia.indiatimes.com/education/news/lure-of-top-salaries-draws-97-out-of-jee-advanced-top-100-to-computer-science/articleshow/95185611.cms"
    },
    {
        "heading": "European anti-mafia raids target more than 100 suspects",
        "description": "",
        "url": "https://timesofindia.indiatimes.com/topic/top-100-in-the-world/news/2https://timesofindia.indiatimes.com/world/europe/european-anti-mafia-raids-target-more-than-100-suspects/articleshow/99957387.cms"
    },
    {
        "heading": "Aishwarya Rajesh and Rahul Ravindran starrer 'The Great Indian Kitchen' set for its TV premiere",
        "description": "'The Great Indian Kitchen', featuring Aishwarya Rajesh and others, is set for its TV premiere on May 21. The film is about a woman who struggles to be the submissive wife that her husband and his family expect her to be.",
        "url": "https://timesofindia.indiatimes.com/topic/top-100-in-the-world/news/2https://timesofindia.indiatimes.com/tv/news/tamil/aishwarya-rajesh-and-rahul-ravindran-starrer-the-great-indian-kitchen-set-for-its-tv-premiere/articleshow/100296295.cms"
    },
    {
        "heading": "Saveetha Dental College Becomes First Indian Institution to Get Top 13 in QS World University Ranking",
        "description": "",
        "url": "https://timesofindia.indiatimes.com/topic/top-100-in-the-world/news/2https://timesofindia.indiatimes.com/education/news/saveetha-dental-college-becomes-first-indian-institution-to-get-top-13-in-qs-world-university-ranking/articleshow/98972941.cms"
    },
    {
        "heading": "Deepak, Nishant storm into World Boxing Championships quarterfinals",
        "description": "Indian boxers Deepak Bhoria (51kg) and Nishant Dev (71kg) continued their impressive run by advancing into the quarterfinals of the men's World Boxing Championships in Tashkent on Tuesday.",
        "url": "https://timesofindia.indiatimes.com/topic/top-100-in-the-world/news/2https://timesofindia.indiatimes.com/sports/boxing/deepak-nishant-storm-into-world-boxing-championships-quarterfinals/articleshow/100101605.cms"
    },
    {
        "heading": "\u2018Punjab in world\u2019s top 50 at risk of damage due to climate hazards\u2019",
        "description": "Punjab is among the top 50 states or provinces across the world at high risk of damage to built environment due to climate hazards.",
        "url": "https://timesofindia.indiatimes.com/topic/top-100-in-the-world/news/2https://timesofindia.indiatimes.com/city/chandigarh/punjab-in-worlds-top-50-at-risk-of-damage-due-to-climate-hazards/articleshow/98109604.cms"
    },
    {
        "heading": "TV actress Nakshatra Viswanathan shares a glimpse of her baby shower; watch",
        "description": "Popular TV actress Nakshatra is expecting her first baby soon and she took to her social media handle to share a glimpse of the baby shower ceremony.",
        "url": "https://timesofindia.indiatimes.com/topic/top-100-in-the-world/news/2https://timesofindia.indiatimes.com/tv/news/tamil/tv-actress-nakshatra-viswanathan-shares-a-glimpse-of-her-baby-shower-watch/articleshow/100247019.cms"
    },
    {
        "heading": "How India's big fat weddings got bigger",
        "description": "After a more intimate turn during the pandemic, some wealthy Indian couples are now sparing no expense when it comes to planning their extravagant, multiday celebrations",
        "url": "https://timesofindia.indiatimes.com/topic/top-100-in-the-world/news/2https://timesofindia.indiatimes.com/india/how-lavish-indian-weddings-are-back-and-bigger-than-ever/articleshow/100245942.cms"
    },
    {
        "heading": "BTS member J-Hope to serve actively in Korean Army",
        "description": "",
        "url": "https://timesofindia.indiatimes.com/topic/top-100-in-the-world/news/2https://timesofindia.indiatimes.com/entertainment/k-pop/music/news/bts-member-j-hope-to-serve-actively-in-korean-army/articleshow/99171044.cms"
    },
    {
        "heading": "Pooja Chopra gets emotional on Mother's Day: 'Abandoned by my father, Chosen by my mother'",
        "description": "Pooja Chopra shared a beautiful picture and a heartfelt message for her mother Neera Chopra on Mother's Day.",
        "url": "https://timesofindia.indiatimes.com/topic/top-100-in-the-world/news/2https://timesofindia.indiatimes.com/entertainment/hindi/bollywood/news/pooja-chopra-gets-emotional-on-mothers-day-abandoned-by-my-father-chosen-by-my-mother/articleshow/100228587.cms"
    },
    {
        "heading": "38 from Gaya Patwa Toli crackJEE Mains, Gulshan in top 20",
        "description": "",
        "url": "https://timesofindia.indiatimes.com/topic/top-100-in-the-world/news/2https://timesofindia.indiatimes.com/city/patna/38-from-gaya-patwa-toli-crackjee-mains-gulshan-in-top-20/articleshow/97753096.cms"
    },
    {
        "heading": "Why dollar is not world's 'biggest financial terrorist'",
        "description": "The US dollar enjoys disproportionate power thanks to its status of being the world\u2019s No. 1 reserve currency. But its dominant position is gradually being chipped away",
        "url": "https://timesofindia.indiatimes.com/topic/top-100-in-the-world/news/2https://timesofindia.indiatimes.com/india/is-dollar-really-the-worlds-biggest-financial-terrorist/articleshow/99888503.cms"
    },
    {
        "heading": "'Avatar: The Way of Water' grosses $515 Million at global box office on Day 5",
        "description": "After just five days of theatrical release, director James Cameron's 'Avatar: The Way of Water' has officially crossed the $500 million mark at the global box office.",
        "url": "https://timesofindia.indiatimes.com/topic/top-100-in-the-world/news/2https://timesofindia.indiatimes.com/entertainment/english/hollywood/box-office/avatar-the-way-of-water-grosses-515-million-at-global-box-office-on-day-5/articleshow/96418245.cms"
    },
    {
        "heading": "Turkey-Syria earthquake: Race to find survivors as quake toll tops 7,100",
        "description": "",
        "url": "https://timesofindia.indiatimes.com/topic/top-100-in-the-world/news/2https://timesofindia.indiatimes.com/world/middle-east/turkey-syria-earthquake-race-to-find-survivors-as-quake-toll-tops-7100/articleshow/97711820.cms"
    },
    {
        "heading": "India-US relations can counterbalance the world: Ambassador Garcetti",
        "description": "",
        "url": "https://timesofindia.indiatimes.com/topic/top-100-in-the-world/news/2https://timesofindia.indiatimes.com/india/india-us-relations-can-counterbalance-the-world-ambassador-garcetti/articleshow/100167295.cms"
    },
    {
        "heading": "Nishant Dev's journey: From shoulder injury to World Boxing Championship bronze",
        "description": "Nishant Dev had put up a valiant show in his international debut at the 2021 World Championship, one that had earned him plaudits from everyone, but he was disheartened to miss a medal by a whisker.",
        "url": "https://timesofindia.indiatimes.com/topic/top-100-in-the-world/news/2https://timesofindia.indiatimes.com/sports/boxing/nishant-devs-journey-from-shoulder-injury-to-world-boxing-championship-bronze/articleshow/100192365.cms"
    },
    {
        "heading": "Top Quality Cotton Pillow Sets To Upgrade Your Bedding",
        "description": "In addition to their comfort, cotton pillow sets also have a number of other benefits. For one, they're hypoallergenic, which means they're less likely to cause skin irritation or allergic reactions.",
        "url": "https://timesofindia.indiatimes.com/topic/top-100-in-the-world/news/2https://timesofindia.indiatimes.com/most-searched-products/home-decor-and-garden/bedroom-decor/top-quality-cotton-pillow-sets-to-upgrade-your-bedding/articleshow/99062114.cms"
    },
    {
        "heading": "New cool and easy-to-use HP Chromebook is built for GenZs, here\u2019s why",
        "description": "Features like speech-to-text, compatibility with Office 365, and hands-free access to Google Assistant and Google Classroom enable seamless learning and productivity for the GenZs.",
        "url": "https://timesofindia.indiatimes.com/topic/top-100-in-the-world/news/2https://timesofindia.indiatimes.com/spotlight/new-cool-and-easy-to-use-hp-chromebook-is-built-for-genz-heres-why/articleshow/99036227.cms"
    },
    {
        "heading": "World number one Carlos Alcaraz knocked out of Italian Open",
        "description": "Carlos Alcaraz crashed to a humbling 6-3 7-6(4) defeat by Hungarian qualifier Fabian Marozsan in the third round of the Italian Open on Monday as his quest for a third straight title on clay before the French Open ended in disappointment.",
        "url": "https://timesofindia.indiatimes.com/topic/top-100-in-the-world/news/2https://timesofindia.indiatimes.com/sports/tennis/top-stories/world-number-one-carlos-alcaraz-knocked-out-of-italian-open/articleshow/100256058.cms"
    },
    {
        "heading": "Chris Pratt tags Timothee Chalamet as \u2018America\u2019s tastiest snack\u2019 on Instagram",
        "description": "Chris Pratt is definitely on a roll these days with back to back hits, The Super Mario Bros. movie and Guardians of the Galaxy, Volume 3 doing well so far. He was captured letting his hair down and enjoying himself at a basketball match between the LA Lakers and the Golden State Warriors with his friend, fellow actor Timothee Chalamet.",
        "url": "https://timesofindia.indiatimes.com/topic/top-100-in-the-world/news/2https://timesofindia.indiatimes.com/entertainment/english/hollywood/news/chris-pratt-tags-timothee-chalamet-as-americas-tastiest-snack-on-instagram/articleshow/100164430.cms"
    },
    {
        "heading": "Jackie Shroff marks World Bee Day in his \"Bee-du\" style",
        "description": "Jackie Shroff shared a video to motivate people to save bees in his style.",
        "url": "https://timesofindia.indiatimes.com/topic/top-100-in-the-world/news/2https://timesofindia.indiatimes.com/entertainment/hindi/bollywood/news/jackie-shroff-marks-world-bee-day-in-his-bee-du-style/articleshow/100371461.cms"
    },
    {
        "heading": "Here is how the OnePlus 11R 5G is taking the \u2018Never Settle\u2019 experience for all its users a notch higher",
        "description": "",
        "url": "https://timesofindia.indiatimes.com/topic/top-100-in-the-world/news/2https://timesofindia.indiatimes.com/spotlight/here-is-how-the-oneplus-11r-5g-is-taking-the-never-settle-experience-for-all-its-users-a-notch-higher/articleshow/98335517.cms"
    },
    {
        "heading": "Hero Vida rides into Guinness Book of world records: Runs non-stop for 1,780 kms in 24 hours",
        "description": "The electric scooter covered 1780 kilometres while achieving this feat and bested the previous record by almost 350 kilometres.",
        "url": "https://timesofindia.indiatimes.com/topic/top-100-in-the-world/news/2https://timesofindia.indiatimes.com/auto/electric-bikes/hero-vida-rides-into-guinness-book-of-world-records-runs-non-stop-for-1780-kms-in-24-hours/articleshow/100132137.cms"
    },
    {
        "heading": "IIM Indore Corporate and Public Leadership Programme: Making leaders future ready in VUCA world",
        "description": "IIM Indore has launched India's first-of-its-kind long-duration certification programme on Corporate & Public Leadership in a VUCA World. This programme aims to upskill professionals to lead confidently in an ever-changing world.",
        "url": "https://timesofindia.indiatimes.com/topic/top-100-in-the-world/news/2https://timesofindia.indiatimes.com/spotlight/iim-indore-corporate-and-public-leadership-programme-making-leaders-future-ready-in-vuca-world/articleshow/96004731.cms"
    },
    {
        "heading": "100 take part in \u2018Healthy Streets\u2019 workshop",
        "description": "Cycling tour of City Beautiful Chandigarh was arranged on Tuesday morning for 100 city officials from 35+ cities across India, who came to participate in \u2018Healthy Streets Capacity Building Workshop\u2019.",
        "url": "https://timesofindia.indiatimes.com/topic/top-100-in-the-world/news/2https://timesofindia.indiatimes.com/city/chandigarh/100-take-part-in-healthy-streets-workshop/articleshow/96386174.cms"
    },
    {
        "heading": "Budget 2023: Wishlist of top tech execs for hardware, cybersecurity and electronics industry",
        "description": "The finance minister has held several rounds of discussions with various stakeholders, and final touches are being given to the Union Budget for 2023-24 which will be unveiled in the Lok Sabha on February 1. Since this will be the last full Budget before the 2024 general elections, Sitharaman may offer income tax relief for salary earners, and incentives for industry.",
        "url": "https://timesofindia.indiatimes.com/topic/top-100-in-the-world/news/2https://timesofindia.indiatimes.com/gadgets-news/budget-2023-wishlist-of-top-tech-execs-for-hardware-cybersecurity-and-electronics-industry/articleshow/97472203.cms"
    },
    {
        "heading": "This teen is in perfect sync with music & studies",
        "description": "For Carnatic music lovers, 15-year-old Rahul Vellal is a familiar face. On Monday, he was among the happy faces who secured an impressive 97. 4% in the SSLC exams.",
        "url": "https://timesofindia.indiatimes.com/topic/top-100-in-the-world/news/2https://timesofindia.indiatimes.com/city/bengaluru/this-teen-is-in-perfect-sync-with-music-studies/articleshow/100089806.cms"
    },
    {
        "heading": "\"Hope to prepare like this for Miss World competition\": Femina Miss India World 2023 Nandini Gupta",
        "description": "Rajasthan's Nandini Gupta was recently crowned Femina Miss India World 2023 in a grand ceremony.",
        "url": "https://timesofindia.indiatimes.com/topic/top-100-in-the-world/news/2https://timesofindia.indiatimes.com/entertainment/hindi/bollywood/news/hope-to-prepare-like-this-for-miss-world-competition-femina-miss-india-world-2023-nandini-gupta/articleshow/99606190.cms"
    },
    {
        "heading": "Step back into the professional world confidently with ISB\u2019s Digital Marketing and Analytics programme",
        "description": "Step back into the professional world confidently with ISB\u2019s Digital Marketing and Analytics programme",
        "url": "https://timesofindia.indiatimes.com/topic/top-100-in-the-world/news/2https://timesofindia.indiatimes.com/spotlight/step-back-into-the-professional-world-confidently-with-isbs-digital-marketing-and-analytics-programme/articleshow/100417050.cms"
    },
    {
        "heading": "Carlos Alcaraz retains Madrid Open title, close to becoming No. 1 again",
        "description": "After his second consecutive title in Madrid on Sunday by beating lucky loser Jan-Lennard Struff 6-4, 3-6, 6-3, Alcaraz only has to show up and play in Rome Masters to leapfrog Novak Djokovic.",
        "url": "https://timesofindia.indiatimes.com/topic/top-100-in-the-world/news/2https://timesofindia.indiatimes.com/sports/tennis/top-stories/carlos-alcaraz-retains-madrid-open-title-close-to-becoming-no-1-again/articleshow/100062557.cms"
    }
]