[
    {
        "heading": "India's AI supercomputer \u2018AIRAWAT\u2019 makes it to the list of world's '100 most powerful'",
        "description": "India's AI Supercomputer \u2018AIRAWAT\u2019 has been ranked at No. 75 in the world at the International Supercomputing Conference (ISC 2023) in Germany. The AI supercomputer \u2018AIRAWAT\u2019 is installed at C-DAC, Pune. The supercomputer has been named in the 61st edition of Top 500 Global Supercomputing List released recently. Airawat PSAI, stands as India\u2019s largest and fastest AI supercomputing system, with a remarkable speed of 13,170 teraflops (Rpeak).",
        "url": "https://timesofindia.indiatimes.com/topic/top-100-in-the-world/newshttps://timesofindia.indiatimes.com/gadgets-news/indias-ai-supercomputer-airawat-makes-it-to-the-list-of-worlds-100-most-powerful/articleshow/100487763.cms"
    },
    {
        "heading": "From Bengaluru to the world, Oakridgers are making it to top universities",
        "description": "From Bengaluru to the world, Oakridgers are making it to top universities",
        "url": "https://timesofindia.indiatimes.com/topic/top-100-in-the-world/newshttps://timesofindia.indiatimes.com/spotlight/from-bengaluru-to-the-world-oakridgers-are-making-it-to-top-universities/articleshow/100500970.cms"
    },
    {
        "heading": "44 Indian courses make it to Top 100 QS World University Rankings",
        "description": "Several Indian universities have made it to the world\u2019s top places to pursue popular subjects, especially in the STEM fields. A total of 44 programmes \u2014 last year it was 35 \u2014 from various campuses made it to the global top 100, according to the QS World University Rankings by Subject 2023 released on Wednesday.",
        "url": "https://timesofindia.indiatimes.com/topic/top-100-in-the-world/newshttps://timesofindia.indiatimes.com/india/44-indian-courses-make-it-to-top-100-qs-world-university-rankings/articleshow/98924111.cms"
    },
    {
        "heading": "Honda Shine 100 review: Best 100 cc in its segment?",
        "description": "The Shine 100 gets an all-new fuel-injected 99.7 cc petrol engine that produces 7.61 hp of power and 8.05 Nm of torque and comes with a 4-speed gearbox. The engine is OBD-2 compliant and E20-compatible, which means it can run on fuel with an ethanol content of up to 20 per cent.",
        "url": "https://timesofindia.indiatimes.com/topic/top-100-in-the-world/newshttps://timesofindia.indiatimes.com/auto/bikes/honda-shine-100-review-best-100-cc-in-its-segment/articleshow/99908094.cms"
    },
    {
        "heading": "Check out these 5 reasons that set Poonawalla Fincorp\u2019s Business Loan apart from the rest",
        "description": "",
        "url": "https://timesofindia.indiatimes.com/topic/top-100-in-the-world/newshttps://timesofindia.indiatimes.com/spotlight/check-out-these-5-reasons-that-set-poonawalla-fincorps-business-loan-apart-from-the-rest/articleshow/100414429.cms"
    },
    {
        "heading": "QS univ rankings: 44 desi courses in world\u2019s top 100, up from 35 last year",
        "description": "",
        "url": "https://timesofindia.indiatimes.com/topic/top-100-in-the-world/newshttps://timesofindia.indiatimes.com/city/mumbai/qs-univ-rankings-44-desi-courses-in-worlds-top-100-up-from-35-last-year/articleshow/98928479.cms"
    },
    {
        "heading": "Two Indian cities make it to the list of world\u2019s top places with best local food",
        "description": "Recently, Delhi and Mumbai have been named by Taste Atlas in the Top 100 best cities for local food. Read more about it.",
        "url": "https://timesofindia.indiatimes.com/topic/top-100-in-the-world/newshttps://timesofindia.indiatimes.com/life-style/food-news/two-indian-cities-make-it-to-the-list-of-worlds-top-places-with-best-local-food/articleshow/100159102.cms"
    },
    {
        "heading": "ISB Chief Tech Officer Programme: Crafting a next-generation enterprise strategy",
        "description": "",
        "url": "https://timesofindia.indiatimes.com/topic/top-100-in-the-world/newshttps://timesofindia.indiatimes.com/spotlight/isb-chief-tech-officer-programme-crafting-a-next-generation-enterprise-strategy/articleshow/100155252.cms"
    },
    {
        "heading": "Next target is to breach top 100 in FIFA ranking: AIFF president Kalyan Chaubey",
        "description": "After a jump of five spots in the latest FIFA rankings thanks to the recent tri-nation tournament title win, the Indian football team's next target is to breach the top 100, All India Football Federation president Kalyan Chaubey said.",
        "url": "https://timesofindia.indiatimes.com/topic/top-100-in-the-world/newshttps://timesofindia.indiatimes.com/sports/football/top-stories/next-target-is-to-breach-top-100-in-fifa-ranking-aiff-president-kalyan-chaubey/articleshow/99693074.cms"
    },
    {
        "heading": "Stay ahead of the curve in digital marketing with ISB Professional Certificate in Digital Marketing Programme",
        "description": "",
        "url": "https://timesofindia.indiatimes.com/topic/top-100-in-the-world/newshttps://timesofindia.indiatimes.com/spotlight/stay-ahead-of-the-curve-in-digital-marketing-with-isb-professional-certificate-in-digital-marketing-programme/articleshow/100066465.cms"
    },
    {
        "heading": "Shah Rukh Khan tops 2023 TIME100 reader poll",
        "description": "",
        "url": "https://timesofindia.indiatimes.com/topic/top-100-in-the-world/newshttps://timesofindia.indiatimes.com/entertainment/hindi/bollywood/news/shah-rukh-khan-tops-2023-time100-reader-poll/articleshow/99315286.cms"
    },
    {
        "heading": "The Future is Here: IIM Lucknow's Chief Operations Officer explores the transformative opportunities of emerging technology in operations",
        "description": "The emergence of new technologies and innovative business models in India has disrupted traditional business practices and created opportunities for companies to improve their bottom line. The Chief Operations Officer programme at IIM Lucknow offers key modules on the impact of emerging technologies, including automation, digitalisation, data analytics, and predictive modelling, as well as the evolving business landscape, such as e-commerce and sustainable business practices. The programme aims to equip COOs with the necessary skills to optimise their operations, adopt a customer-centric approach, and sustain a competitive advantage by accelerating the adoption of new-age technologies.",
        "url": "https://timesofindia.indiatimes.com/topic/top-100-in-the-world/newshttps://timesofindia.indiatimes.com/spotlight/the-future-is-here-iim-lucknows-chief-operations-officer-explores-the-transformative-opportunities-of-emerging-technology-in-operations/articleshow/100275017.cms"
    },
    {
        "heading": "IIM Lucknow\u2019s CEO Programme: What does it mean to be an effective CEO?",
        "description": "The Chief Executive Officer programme from IIM Lucknow aims to equip CEOs in India with the necessary skills to adapt to economic and social transformations, complexities of regulatory frameworks, workforce challenges, and digital transformation. The program is built around functional excellence, strategy and innovation, leadership, and digital transformation. Modules include Strategic Finance and Economic Outlook.",
        "url": "https://timesofindia.indiatimes.com/topic/top-100-in-the-world/newshttps://timesofindia.indiatimes.com/spotlight/iim-lucknows-ceo-programme-what-does-it-mean-to-be-an-effective-ceo/articleshow/99781129.cms"
    },
    {
        "heading": "QS university rankings 2023 by subject: Delhi University & IIT-Bombay top in Indian entries",
        "description": "The 11 declared Institutes of Eminence (IoE) take 44 per cent of the overall Indian entries (158), the statement said. The IoE boast 35 of the 49 top-100 Indian positions across the 54 academic disciplines and in the five broad faculty areas, one featured in this edition.",
        "url": "https://timesofindia.indiatimes.com/topic/top-100-in-the-world/newshttps://timesofindia.indiatimes.com/education/news/qs-university-rankings-2023-by-subject-delhi-university-iit-bombay-top-in-indian-entries/articleshow/98934874.cms"
    },
    {
        "heading": "Lionel Messi scores 100th Argentina goal",
        "description": "Lionel Messi on Tuesday scored his 100th international goal for as Argentina cruised to a resounding 7-0 friendly win over Curacao. Seven-time Ballon d'Or winner Messi opened the scoring against the Caribbean island minnows on 20 minutes in Santiago del Estero.",
        "url": "https://timesofindia.indiatimes.com/topic/top-100-in-the-world/newshttps://timesofindia.indiatimes.com/sports/football/top-stories/lionel-messi-scores-100th-argentina-goal/articleshow/99075887.cms"
    },
    {
        "heading": "Classy Virat Kohli can get 100 international centuries; Hardik Pandya will be key for India at World Cup: Shane Watson",
        "description": "Virat has 75 international centuries already under his belt. He is second on the overall tally after batting maestro Sachin Tendulkar who is sitting on top with 100 tons. Former Australia all-rounder Shane Watson believes the 100-century mark is not that far for Virat.",
        "url": "https://timesofindia.indiatimes.com/topic/top-100-in-the-world/newshttps://timesofindia.indiatimes.com/sports/cricket/australia-in-india/classy-virat-kohli-can-get-100-international-centuries-hardik-pandya-will-be-key-for-india-at-world-cup-shane-watson/articleshow/98814036.cms"
    },
    {
        "heading": "Indian Institute of Technology Guwahati among world's top univs in 14 subjects: Report",
        "description": "The Indian Institute of Technology Guwahati (IIT-G) has been named as one of the world's top universities for the study of 14 subjects, according to the latest edition of the world's most-consulted university ranking.",
        "url": "https://timesofindia.indiatimes.com/topic/top-100-in-the-world/newshttps://timesofindia.indiatimes.com/city/guwahati/indian-institute-of-technology-guwahati-among-worlds-top-univs-in-14-subjects-report/articleshow/99050401.cms"
    },
    {
        "heading": "IIM Lucknow\u2019s COO Programme: Importance of supply chain strategy",
        "description": "Supply chain strategy has become vital for companies in India striving to remain competitive given the country's ongoing economic transformations, regulatory complexity, geographic size, and diverse customer base. These factors are part of the curriculum of the Indian Institute of Management Lucknow\u2019s Chief Operating Officer programme, which focusses on network design, key performance drivers and designing contracts.",
        "url": "https://timesofindia.indiatimes.com/topic/top-100-in-the-world/newshttps://timesofindia.indiatimes.com/spotlight/iim-lucknows-coo-programme-importance-of-supply-chain-strategy/articleshow/99781918.cms"
    },
    {
        "heading": "Shah Rukh Khan, S.S. Rajamouli, Salman Rushdie among world's 100 most influential people: Time",
        "description": "Indian actor Shah Rukh Khan, film director S.S. Rajamouli, author Salman Rushdie and television host and judge Padma Lakshmi are among the world's 100 most influential people of 2023, Time magazine said on Thursday.",
        "url": "https://timesofindia.indiatimes.com/topic/top-100-in-the-world/newshttps://timesofindia.indiatimes.com/entertainment/hindi/bollywood/news/shah-rukh-khan-s-s-rajamouli-salman-rushdie-among-worlds-100-most-influential-people-time/articleshow/99472160.cms"
    },
    {
        "heading": "Level up, gamers! Here\u2019s how MSI\u2019s powerful RTX 40 series is redefining the world of gaming one step at a time",
        "description": "",
        "url": "https://timesofindia.indiatimes.com/topic/top-100-in-the-world/newshttps://timesofindia.indiatimes.com/spotlight/level-up-gamers-heres-how-msis-powerful-rtx-40-series-is-redefining-the-world-of-gaming-one-step-at-a-time/articleshow/98298432.cms"
    },
    {
        "heading": "Who are world's top three fielders? Jonty Rhodes says 'right now there is only one'",
        "description": "In an interview with TOI, South Africa great Rhodes, the fielding coach of the Lucknow Super Giants, spoke on what makes a good fielder, the role of coaches and the future of one-day cricket.",
        "url": "https://timesofindia.indiatimes.com/topic/top-100-in-the-world/newshttps://timesofindia.indiatimes.com/sports/cricket/ipl/top-stories/who-are-worlds-top-three-fielders-jonty-rhodes-lucknow-super-giants-ipl-2023-indian-premier-league/articleshow/99080794.cms"
    },
    {
        "heading": "CG\u2019s Dhruv secures 100 percentile in JEE Mains",
        "description": "",
        "url": "https://timesofindia.indiatimes.com/topic/top-100-in-the-world/newshttps://timesofindia.indiatimes.com/city/raipur/cgs-dhruv-secures-100-percentile-in-jee-mains/articleshow/97752762.cms"
    },
    {
        "heading": "Youth will be crucial in making India top economy: Rajnath Singh",
        "description": "Indian youth will play a crucial role in helping India become the world's top economy before the countrycomplete 100 years of independence in 2047, said defence minister Rajnath Singh on Saturday.",
        "url": "https://timesofindia.indiatimes.com/topic/top-100-in-the-world/newshttps://timesofindia.indiatimes.com/city/dehradun/youth-will-be-crucial-in-making-india-top-economy-rajnath-singh/articleshow/96488232.cms"
    },
    {
        "heading": "Babar Azam says Pakistan 'in good position' for ODI World Cup after New Zealand mauling",
        "description": "Captain Babar Azam says the \"dominant\" ODI series win over New Zealand sets Pakistan up nicely for the World Cup, despite doubts over their participation.",
        "url": "https://timesofindia.indiatimes.com/topic/top-100-in-the-world/newshttps://timesofindia.indiatimes.com/sports/cricket/news/babar-azam-says-pakistan-in-good-position-for-odi-world-cup-after-new-zealand-mauling/articleshow/100065912.cms"
    },
    {
        "heading": "Greater global collaboration in healthcare need of the hour: PM Modi",
        "description": "",
        "url": "https://timesofindia.indiatimes.com/topic/top-100-in-the-world/newshttps://timesofindia.indiatimes.com/india/greater-global-collaboration-in-healthcare-need-of-the-hour-pm-modi/articleshow/100429446.cms"
    },
    {
        "heading": "Watch: Singer Parthiv Gohil shares glimpses from his trip to the USA; fan suggests him to visit Disney World",
        "description": "Singer Parthiv Gohil Delights Fans with Peek into his USA Trip; Fan Recommendations Include a Visit to Disney World",
        "url": "https://timesofindia.indiatimes.com/topic/top-100-in-the-world/newshttps://timesofindia.indiatimes.com/entertainment/gujarati/music/watch-singer-parthiv-gohil-shares-glimpses-from-his-trip-to-the-usa-fan-suggests-him-to-visit-disney-world/articleshow/100419339.cms"
    },
    {
        "heading": "20-year-old Danish restaurant Noma will close its doors in 2024",
        "description": "Danish restaurant: Noma topped the list of the World's 50 Best Restaurants in 2010, 2011, 2012, 2014 and 2021. The restaurant also has three Michelin stars and a Michelin Green star to its name.",
        "url": "https://timesofindia.indiatimes.com/topic/top-100-in-the-world/newshttps://timesofindia.indiatimes.com/life-style/food-news/20-year-old-danish-restaurant-noma-will-close-its-doors-in-2024/articleshow/96881125.cms"
    },
    {
        "heading": "SS Rajamouli, Anupam Kher cheer for Prathamesh Samadhan Javkar who wins GOLD for India at Archery World Cup In Shanghai",
        "description": "Prathamesh Samandhan Javkar has won Gold for India in the Archery World Cup in Shanghai, while 18-year old Anveet Kaur has won a bronze in the women's competition.",
        "url": "https://timesofindia.indiatimes.com/topic/top-100-in-the-world/newshttps://timesofindia.indiatimes.com/entertainment/hindi/bollywood/news/ss-rajamouli-anupam-kher-cheer-for-prathamesh-samadhan-javkar-who-wins-gold-for-india-at-archery-world-cup-in-shanghai/articleshow/100400689.cms"
    },
    {
        "heading": "VISIONEO, an assistive technology device for the visually impaired by Manav Rachna students, wins at Microsoft Imagine Cup 2023",
        "description": "",
        "url": "https://timesofindia.indiatimes.com/topic/top-100-in-the-world/newshttps://timesofindia.indiatimes.com/spotlight/visioneo-an-assistive-technology-device-for-the-visually-impaired-by-manav-rachna-students-wins-at-microsoft-imagine-cup-2023/articleshow/98806099.cms"
    },
    {
        "heading": "Best Portable Gaming Consoles: Top Picks",
        "description": "In recent years, the popularity of portable game consoles has increased. In addition to some of the most famous portable gaming consoles, such as Nintendo Switch that were introduced a few years back. Portable gaming consoles are now making a decent comeback in the gaming industry.",
        "url": "https://timesofindia.indiatimes.com/topic/top-100-in-the-world/newshttps://timesofindia.indiatimes.com/most-searched-products/electronics/gaming-and-accessories/best-portable-gaming-consoles-top-picks/articleshow/96771989.cms"
    }
]