{
    "40% of Americans have never heard of Indian prime minister Narendra Modi": {
        "heading": "40% of Americans have never heard of Indian prime minister Narendra Modi",
        "description": "",
        "url": "https://www.reddit.com/r/unitedstatesofindia/comments/12rfp2o/40_of_americans_have_never_heard_of_indian_prime/"
    },
    "Current Indian Prime Minister Narendra Modi dressed as Sikh to avoid arrest during Political Emergency in 1984. [1200\u00d71687] (not OC)": {
        "heading": "Current Indian Prime Minister Narendra Modi dressed as Sikh to avoid arrest during Political Emergency in 1984. [1200\u00d71687] (not OC)",
        "description": "",
        "url": "https://www.reddit.com/r/unitedstatesofindia/comments/13mih9t/current_indian_prime_minister_narendra_modi/"
    },
    "How complicit was Narendra Modi in the Gurjarat Riots?": {
        "heading": "How complicit was Narendra Modi in the Gurjarat Riots?",
        "description": "I'm not at all familiar with Indian history or modern day politics yet am trying to gain a grasp of it all.\n\nThis matter has repeatedly come up time and time again and I'd like to come here and pose this question as I trust you guys to be as non-partisan about this as possible.\n\nI know the Indian Supreme Court acquitted him of charges, but I heard that those charges were not comprehensively reflective of the accusations levied against him.\n\nSo just how involved was Modi?",
        "url": "https://www.reddit.com/r/neoliberal/comments/129zp5i/how_complicit_was_narendra_modi_in_the_gurjarat/"
    },
    "Why doesn't Narendra Modi just become a good PM? Is he stupid?": {
        "heading": "Why doesn't Narendra Modi just become a good PM? Is he stupid?",
        "description": "",
        "url": "https://www.reddit.com/r/librandu/comments/11vomyk/why_doesnt_narendra_modi_just_become_a_good_pm_is/"
    },
    "India\u2019s Congress party defeats Narendra Modi\u2019s BJP in Karnataka state elections": {
        "heading": "India\u2019s Congress party defeats Narendra Modi\u2019s BJP in Karnataka state elections",
        "description": "",
        "url": "https://www.reddit.com/r/worldnews/comments/13gdz2y/indias_congress_party_defeats_narendra_modis_bjp/"
    }
}