[
    {
        "heading": "Instagram",
        "description": "<span class=\"searchmatch\">Instagram</span> is a photo and video sharing social networking service owned by American company Meta Platforms. The app allows users to upload media that can",
        "url": "https://en.wikipedia.org/wiki/Instagram"
    },
    {
        "heading": "List of most-followed Instagram accounts",
        "description": "the photo and video-sharing social platform <span class=\"searchmatch\">Instagram</span>. The most followed account on the platform is <span class=\"searchmatch\">Instagram</span>'s own brand account. The most followed individual",
        "url": "https://en.wikipedia.org/wiki/List%20of%20most-followed%20Instagram%20accounts"
    },
    {
        "heading": "List of most-liked Instagram posts",
        "description": "number of likes on the photo and video-sharing social networking service <span class=\"searchmatch\">Instagram</span>. The most-liked post as of May\u00a02023[update] is a carousel of the Argentine",
        "url": "https://en.wikipedia.org/wiki/List%20of%20most-liked%20Instagram%20posts"
    },
    {
        "heading": "Instagram egg",
        "description": "The <span class=\"searchmatch\">Instagram</span> egg is a photo of an egg posted by the account @world_record_egg on the social media platform <span class=\"searchmatch\">Instagram</span>. It became a global phenomenon and",
        "url": "https://en.wikipedia.org/wiki/Instagram%20egg"
    },
    {
        "heading": "Timeline of Instagram",
        "description": "Below is a timeline of the social networking service <span class=\"searchmatch\">Instagram</span>. Timeline of Pinterest Timeline of Snapchat Timeline of Twitter Timeline of Facebook Timeline",
        "url": "https://en.wikipedia.org/wiki/Timeline%20of%20Instagram"
    },
    {
        "heading": "Instagram face",
        "description": "An <span class=\"searchmatch\">Instagram</span> face is a social trend for women to adjust their features to conform to a single template, either by applying filters to their photographs",
        "url": "https://en.wikipedia.org/wiki/Instagram%20face"
    },
    {
        "heading": "Kevin Systrom",
        "description": "1983) is an American computer programmer and entrepreneur. He co-founded <span class=\"searchmatch\">Instagram</span>, the world's largest photo sharing website, along with Mike Krieger. Systrom",
        "url": "https://en.wikipedia.org/wiki/Kevin%20Systrom"
    },
    {
        "heading": "Model (person)",
        "description": "on <span class=\"searchmatch\">Instagram</span> and other social media. They should not be confused with established models such as Cara Delevingne and Gigi Hadid, who use <span class=\"searchmatch\">Instagram</span> to",
        "url": "https://en.wikipedia.org/wiki/Model%20%28person%29"
    },
    {
        "heading": "IGTV",
        "description": "for <span class=\"searchmatch\">Instagram</span> TV, was a standalone video application by <span class=\"searchmatch\">Instagram</span> for Android and iOS smartphones. It allowed for longer videos compared to <span class=\"searchmatch\">Instagram</span> feeds",
        "url": "https://en.wikipedia.org/wiki/IGTV"
    },
    {
        "heading": "Instagram (song)",
        "description": "&quot;<span class=\"searchmatch\">Instagram</span>&quot; is a song by Belgian production duo Dimitri Vegas &amp; Like Mike, French DJ David Guetta, Puerto Rican rapper Daddy Yankee, Dutch DJ duo Afro",
        "url": "https://en.wikipedia.org/wiki/Instagram%20%28song%29"
    },
    {
        "heading": "Facebook",
        "description": "<span class=\"searchmatch\">Facebook</span> is an online social media and social networking service owned by American technology giant Meta Platforms. Created in 2004 by Mark Zuckerberg",
        "url": "https://en.wikipedia.org/wiki/Facebook"
    },
    {
        "heading": "Meta Platforms",
        "description": "Meta Platforms, Inc., formerly named <span class=\"searchmatch\">Facebook</span>, Inc., and The<span class=\"searchmatch\">Facebook</span>, Inc., is an American multinational technology conglomerate based in Menlo Park,",
        "url": "https://en.wikipedia.org/wiki/Meta%20Platforms"
    },
    {
        "heading": "Messenger (software)",
        "description": "app and platform developed by Meta Platforms. Originally developed as <span class=\"searchmatch\">Facebook</span> Chat in 2008, the company revamped its messaging service in 2010, released",
        "url": "https://en.wikipedia.org/wiki/Messenger%20%28software%29"
    },
    {
        "heading": "History of Facebook",
        "description": "<span class=\"searchmatch\">Facebook</span> is a social networking service originally launched as FaceMash on October 28, 2003, before changing its name to The<span class=\"searchmatch\">Facebook</span> on February 4, 2004",
        "url": "https://en.wikipedia.org/wiki/History%20of%20Facebook"
    },
    {
        "heading": "List of Facebook features",
        "description": "<span class=\"searchmatch\">Facebook</span> is a social-network service website launched on February 4, 2004, by Mark Zuckerberg. The following is a list of software and technology features",
        "url": "https://en.wikipedia.org/wiki/List%20of%20Facebook%20features"
    },
    {
        "heading": "Facebook Watch",
        "description": "<span class=\"searchmatch\">Facebook</span> Watch is a video on demand service operated by American company Meta Platforms (previously named <span class=\"searchmatch\">Facebook</span>, Inc.). The company announced the service",
        "url": "https://en.wikipedia.org/wiki/Facebook%20Watch"
    },
    {
        "heading": "Facebook\u2013Cambridge Analytica data scandal",
        "description": "In the 2010s, personal data belonging to millions of <span class=\"searchmatch\">Facebook</span> users was collected without their consent by British consulting firm Cambridge Analytica",
        "url": "https://en.wikipedia.org/wiki/Facebook%E2%80%93Cambridge%20Analytica%20data%20scandal"
    },
    {
        "heading": "Criticism of Facebook",
        "description": "<span class=\"searchmatch\">Facebook</span> (and parent company Meta Platforms) has been the subject of criticism and legal action. Criticisms include the outsize influence <span class=\"searchmatch\">Facebook</span> has",
        "url": "https://en.wikipedia.org/wiki/Criticism%20of%20Facebook"
    },
    {
        "heading": "The Social Network",
        "description": "portrays the founding of social networking website <span class=\"searchmatch\">Facebook</span>. It stars Jesse Eisenberg as <span class=\"searchmatch\">Facebook</span> founder Mark Zuckerberg, with Andrew Garfield as Eduardo",
        "url": "https://en.wikipedia.org/wiki/The%20Social%20Network"
    },
    {
        "heading": "Google",
        "description": "<span class=\"searchmatch\">Google</span> LLC (/\u02c8\u0261u\u02d0\u0261\u0259l/ (listen)) is an American multinational technology company focusing on online advertising, search engine technology, cloud computing",
        "url": "https://en.wikipedia.org/wiki/Google"
    },
    {
        "heading": "Google Earth",
        "description": "<span class=\"searchmatch\">Google</span> Earth is a computer program that renders a 3D representation of Earth based primarily on satellite imagery. The program maps the Earth by superimposing",
        "url": "https://en.wikipedia.org/wiki/Google%20Earth"
    },
    {
        "heading": "Google Scholar",
        "description": "<span class=\"searchmatch\">Google</span> Scholar is a freely accessible web search engine that indexes the full text or metadata of scholarly literature across an array of publishing formats",
        "url": "https://en.wikipedia.org/wiki/Google%20Scholar"
    },
    {
        "heading": "Google Maps",
        "description": "<span class=\"searchmatch\">Google</span> Maps is a web mapping platform and consumer application offered by <span class=\"searchmatch\">Google</span>. It offers satellite imagery, aerial photography, street maps, 360\u00b0 interactive",
        "url": "https://en.wikipedia.org/wiki/Google%20Maps"
    },
    {
        "heading": "Google Search",
        "description": "<span class=\"searchmatch\">Google</span> Search (also known simply as <span class=\"searchmatch\">Google</span> or <span class=\"searchmatch\">Google</span>.com) is a search engine provided and operated by <span class=\"searchmatch\">Google</span>. Handling more than 3.5 billion searches per",
        "url": "https://en.wikipedia.org/wiki/Google%20Search"
    },
    {
        "heading": ".google",
        "description": ".<span class=\"searchmatch\">google</span> is a brand top-level domain (TLD) used in the Domain Name System (DNS) of the Internet. Created in 2014, it is operated by Alphabet Inc., Google's",
        "url": "https://en.wikipedia.org/wiki/.google"
    },
    {
        "heading": "Google+",
        "description": "<span class=\"searchmatch\">Google</span>+ (sometimes written as <span class=\"searchmatch\">Google</span> Plus; sometimes called G+) is a defunct social network that was owned and operated by <span class=\"searchmatch\">Google</span>. The network was launched",
        "url": "https://en.wikipedia.org/wiki/Google%2B"
    },
    {
        "heading": "Google Translate",
        "description": "<span class=\"searchmatch\">Google</span> Translate is a multilingual neural machine translation service developed by <span class=\"searchmatch\">Google</span> to translate text, documents and websites from one language",
        "url": "https://en.wikipedia.org/wiki/Google%20Translate"
    },
    {
        "heading": "Google Chrome",
        "description": "<span class=\"searchmatch\">Google</span> Chrome is a cross-platform web browser developed by <span class=\"searchmatch\">Google</span>. It was first released in 2008 for Microsoft Windows, built with free software components",
        "url": "https://en.wikipedia.org/wiki/Google%20Chrome"
    },
    {
        "heading": "Google Play",
        "description": "<span class=\"searchmatch\">Google</span> Play, also known as the <span class=\"searchmatch\">Google</span> Play Store and formerly Android Market, is a digital distribution service operated and developed by <span class=\"searchmatch\">Google</span>. It serves",
        "url": "https://en.wikipedia.org/wiki/Google%20Play"
    },
    {
        "heading": "Chandrayan Gutta",
        "description": "<span class=\"searchmatch\">Chandrayan</span> Gutta (AZIZ COLONY) is a Locality in Old City, Hyderabad, Telangana, India.senior leader Muzammil qureshi sahab. <span class=\"searchmatch\">Chandrayan</span> Gutta is connected",
        "url": "https://en.wikipedia.org/wiki/Chandrayan%20Gutta"
    },
    {
        "heading": "Chandrayaan programme",
        "description": "The Chandrayaan programme (from Sanskrit: Chandra, &quot;Moon&quot; and y\u0101na, &quot;craft, vehicle&quot;), pronunciation) also known as the Indian Lunar Exploration Program",
        "url": "https://en.wikipedia.org/wiki/Chandrayaan%20programme"
    },
    {
        "heading": "Chandrayaan-1",
        "description": " ISAC (ISRO Satellite Centre) Mylswamy Annadurai \u2013 Project Director, <span class=\"searchmatch\">Chandrayan</span>-1 S. K. Shivkumar \u2013 Director \u2013 Telemetry, Tracking and Command Network",
        "url": "https://en.wikipedia.org/wiki/Chandrayaan-1"
    },
    {
        "heading": "Moumita Dutta",
        "description": "involved in many prestigious projects like Oceansat, Resourcesat, HySAT, <span class=\"searchmatch\">Chandrayan</span> I and Mars Orbiter Mission. She was chosen to work as Project Manager",
        "url": "https://en.wikipedia.org/wiki/Moumita%20Dutta"
    },
    {
        "heading": "Tukaram Omble",
        "description": "Express. 21 January 2009. Retrieved 7 March 2013. &quot;Madhavan Nair, Team <span class=\"searchmatch\">Chandrayan</span> named CNN-IBN Indian of the Year - Thaindian News&quot;. Thaindian.com. 2 February",
        "url": "https://en.wikipedia.org/wiki/Tukaram%20Omble"
    },
    {
        "heading": "Tiranga Point",
        "description": "2023-08-26. &quot;Mission homepage&quot;. Indian Space Research Organisation. &quot;<span class=\"searchmatch\">Chandrayan</span>-2 Launch Rescheduled on 22 July 2019, AT 14:43 HRS&quot;. Indian Space Research",
        "url": "https://en.wikipedia.org/wiki/Tiranga%20Point"
    },
    {
        "heading": "List of neighbourhoods in Hyderabad",
        "description": "Nagar Azampura Barkas Bazarghat Begum Bazaar Chaderghat Chanchalguda <span class=\"searchmatch\">Chandrayan</span> Gutta Chatta Bazaar Dabirpura Dar-ul-Shifa Dhoolpet Edi Bazar Falaknuma",
        "url": "https://en.wikipedia.org/wiki/List%20of%20neighbourhoods%20in%20Hyderabad"
    },
    {
        "heading": "Gingee Fort",
        "description": "Another fort connected with Rajagiri with a low rocky ridge is called <span class=\"searchmatch\">Chandrayan</span> Durg, Chandragiri or St. George's Mountain. The military and strategic",
        "url": "https://en.wikipedia.org/wiki/Gingee%20Fort"
    },
    {
        "heading": "Ritu Karidhal",
        "description": "Dr. Ritu Karidhal Srivastava Ritu Karidhal at ISRO after <span class=\"searchmatch\">Chandrayan</span> mission Born 13 April 1975 Lucknow, Uttar Pradesh, India Alma\u00a0mater University of Lucknow",
        "url": "https://en.wikipedia.org/wiki/Ritu%20Karidhal"
    },
    {
        "heading": "Sithampoondi",
        "description": "located at Kunnamalai and Sittampoondi villages. This soil with rocks is used by ISRO to test its rover of <span class=\"searchmatch\">Chandrayan</span>-2, which will land on the moon in 2017",
        "url": "https://en.wikipedia.org/wiki/Sithampoondi"
    }
]